{"cameraMode":{"drawMode":0,"name":"Shaded","section":"Shading Mode"},"sceneLighting":true,"audioPlay":false,"sceneViewState":{"showFog":false,"showMaterialUpdate":false,"showSkybox":false,"showFlares":false,"showImageEffects":false,"showParticleSystems":false},"in2DMode":false,"pivot":{"x":0.7110630869865418,"y":-0.3442503809928894,"z":-0.6395901441574097},"rotation":{"x":-0.03304792568087578,"y":0.7637076377868652,"z":-0.0392199344933033,"w":-0.6435220241546631},"size":2.465287685394287,"orthographic":false}